antecedents,consequents,support,confidence,lift
Honeycrisp Apple,Banana,0.010134457154324704,0.38549618320610685,2.5923447785641436
Organic Raspberries,Bag of Organic Bananas,0.013144691952638973,0.3053613053613054,2.523408598035464
Organic Fuji Apple,Banana,0.010134457154324704,0.3633093525179856,2.4431450790784375
